timestamp,event,detail
2026-09-16T00:23:01,saved,000.npy
2026-09-16T00:23:02,saved,001.npy
2026-09-16T00:23:04,saved,002.npy
2026-09-16T00:23:06,saved,003.npy
2026-09-16T00:23:07,saved,004.npy
2026-09-16T00:23:09,saved,005.npy
2026-09-16T00:23:10,saved,006.npy
2026-09-16T00:23:12,saved,007.npy
2026-09-16T00:23:13,saved,008.npy
2026-09-16T00:23:15,saved,009.npy
2026-09-16T00:23:16,saved,010.npy
2026-09-16T00:23:20,saved,011.npy
2026-09-16T00:23:21,saved,012.npy
2026-09-16T00:23:23,saved,013.npy
2026-09-16T00:23:25,saved,014.npy
2026-09-16T00:23:26,saved,015.npy
2026-09-16T00:23:28,saved,016.npy
2026-09-16T00:23:30,saved,017.npy
2026-09-16T00:23:31,saved,018.npy
2026-09-16T00:23:33,saved,019.npy
2026-09-16T00:23:35,saved,020.npy
2026-09-16T00:23:36,saved,021.npy
2026-09-16T00:23:38,saved,022.npy
2026-09-16T00:23:39,saved,023.npy
2026-09-16T00:23:41,saved,024.npy
